{
	"partitions" : [
		{
			"name" : "Top",
			"pins" : [
				{
					"name" : "traffic_light_1[0]",
					"strict" : false
				},
				{
					"name" : "traffic_light_1[1]",
					"strict" : false
				},
				{
					"name" : "traffic_light_1[2]",
					"strict" : false
				},
				{
					"name" : "traffic_light_2[0]",
					"strict" : false
				},
				{
					"name" : "traffic_light_2[1]",
					"strict" : false
				},
				{
					"name" : "traffic_light_2[2]",
					"strict" : false
				},
				{
					"name" : "pause",
					"strict" : false
				},
				{
					"name" : "clk",
					"strict" : false
				},
				{
					"name" : "reset",
					"strict" : false
				},
				{
					"name" : "teste",
					"strict" : false
				}
			]
		}
	]
}