{
	"partitions" : [
		{
			"name" : "Top",
			"pins" : [
				{
					"name" : "LED",
					"strict" : false
				},
				{
					"name" : "SSD1[0]",
					"strict" : false
				},
				{
					"name" : "SSD1[1]",
					"strict" : false
				},
				{
					"name" : "SSD1[2]",
					"strict" : false
				},
				{
					"name" : "SSD1[3]",
					"strict" : false
				},
				{
					"name" : "SSD1[4]",
					"strict" : false
				},
				{
					"name" : "SSD1[5]",
					"strict" : false
				},
				{
					"name" : "SSD1[6]",
					"strict" : false
				},
				{
					"name" : "SSD2[0]",
					"strict" : false
				},
				{
					"name" : "SSD2[1]",
					"strict" : false
				},
				{
					"name" : "SSD2[2]",
					"strict" : false
				},
				{
					"name" : "SSD2[3]",
					"strict" : false
				},
				{
					"name" : "SSD2[4]",
					"strict" : false
				},
				{
					"name" : "SSD2[5]",
					"strict" : false
				},
				{
					"name" : "SSD2[6]",
					"strict" : false
				},
				{
					"name" : "SSD3[0]",
					"strict" : false
				},
				{
					"name" : "SSD3[1]",
					"strict" : false
				},
				{
					"name" : "SSD3[2]",
					"strict" : false
				},
				{
					"name" : "SSD3[3]",
					"strict" : false
				},
				{
					"name" : "SSD3[4]",
					"strict" : false
				},
				{
					"name" : "SSD3[5]",
					"strict" : false
				},
				{
					"name" : "SSD3[6]",
					"strict" : false
				},
				{
					"name" : "SSD4[0]",
					"strict" : false
				},
				{
					"name" : "SSD4[1]",
					"strict" : false
				},
				{
					"name" : "SSD4[2]",
					"strict" : false
				},
				{
					"name" : "SSD4[3]",
					"strict" : false
				},
				{
					"name" : "SSD4[4]",
					"strict" : false
				},
				{
					"name" : "SSD4[5]",
					"strict" : false
				},
				{
					"name" : "SSD4[6]",
					"strict" : false
				},
				{
					"name" : "clk",
					"strict" : false
				},
				{
					"name" : "pause",
					"strict" : false
				},
				{
					"name" : "rst",
					"strict" : false
				},
				{
					"name" : "sw[0]",
					"strict" : false
				},
				{
					"name" : "sw[1]",
					"strict" : false
				}
			]
		}
	]
}