{
	"partitions" : [
		{
			"name" : "Top",
			"pins" : [
				{
					"name" : "LED",
					"strict" : false
				},
				{
					"name" : "SSD[0]",
					"strict" : false
				},
				{
					"name" : "SSD[1]",
					"strict" : false
				},
				{
					"name" : "SSD[2]",
					"strict" : false
				},
				{
					"name" : "SSD[3]",
					"strict" : false
				},
				{
					"name" : "SSD[4]",
					"strict" : false
				},
				{
					"name" : "SSD[5]",
					"strict" : false
				},
				{
					"name" : "SSD[6]",
					"strict" : false
				},
				{
					"name" : "clk",
					"strict" : false
				},
				{
					"name" : "pause",
					"strict" : false
				},
				{
					"name" : "rst",
					"strict" : false
				},
				{
					"name" : "sw[0]",
					"strict" : false
				},
				{
					"name" : "sw[1]",
					"strict" : false
				}
			]
		}
	]
}