{
	"partitions" : [
		{
			"name" : "Top",
			"pins" : [
				{
					"name" : "y1",
					"strict" : false
				},
				{
					"name" : "y2",
					"strict" : false
				},
				{
					"name" : "y3",
					"strict" : false
				},
				{
					"name" : "y4",
					"strict" : false
				},
				{
					"name" : "y5",
					"strict" : false
				},
				{
					"name" : "y6",
					"strict" : false
				},
				{
					"name" : "y7",
					"strict" : false
				},
				{
					"name" : "y8",
					"strict" : false
				},
				{
					"name" : "a",
					"strict" : false
				},
				{
					"name" : "b",
					"strict" : false
				}
			]
		}
	]
}