{
	"partitions" : [
		{
			"name" : "Top",
			"pins" : [
				{
					"name" : "DISPLAY1[0]",
					"strict" : false
				},
				{
					"name" : "DISPLAY1[1]",
					"strict" : false
				},
				{
					"name" : "DISPLAY1[2]",
					"strict" : false
				},
				{
					"name" : "DISPLAY1[3]",
					"strict" : false
				},
				{
					"name" : "DISPLAY1[4]",
					"strict" : false
				},
				{
					"name" : "DISPLAY1[5]",
					"strict" : false
				},
				{
					"name" : "DISPLAY1[6]",
					"strict" : false
				},
				{
					"name" : "DISPLAY2[0]",
					"strict" : false
				},
				{
					"name" : "DISPLAY2[1]",
					"strict" : false
				},
				{
					"name" : "DISPLAY2[2]",
					"strict" : false
				},
				{
					"name" : "DISPLAY2[3]",
					"strict" : false
				},
				{
					"name" : "DISPLAY2[4]",
					"strict" : false
				},
				{
					"name" : "DISPLAY2[5]",
					"strict" : false
				},
				{
					"name" : "DISPLAY2[6]",
					"strict" : false
				},
				{
					"name" : "ENTRADA1[0]",
					"strict" : false
				},
				{
					"name" : "ENTRADA1[1]",
					"strict" : false
				},
				{
					"name" : "ENTRADA1[2]",
					"strict" : false
				},
				{
					"name" : "ENTRADA1[3]",
					"strict" : false
				},
				{
					"name" : "ENTRADA2[0]",
					"strict" : false
				},
				{
					"name" : "ENTRADA2[1]",
					"strict" : false
				},
				{
					"name" : "ENTRADA2[2]",
					"strict" : false
				},
				{
					"name" : "ENTRADA2[3]",
					"strict" : false
				}
			]
		}
	]
}