{
	"partitions" : [
		{
			"name" : "Top",
			"pins" : [
				{
					"name" : "saida_verde",
					"strict" : false
				},
				{
					"name" : "saida_amarelo",
					"strict" : false
				},
				{
					"name" : "saida_vermelho",
					"strict" : false
				},
				{
					"name" : "clk",
					"strict" : false
				},
				{
					"name" : "rst",
					"strict" : false
				},
				{
					"name" : "modo[1]",
					"strict" : false
				},
				{
					"name" : "modo[0]",
					"strict" : false
				}
			]
		}
	]
}