{
	"partitions" : [
		{
			"name" : "Top",
			"pins" : [
				{
					"name" : "min_value[0]",
					"strict" : false
				},
				{
					"name" : "min_value[1]",
					"strict" : false
				},
				{
					"name" : "min_value[2]",
					"strict" : false
				},
				{
					"name" : "min_value[3]",
					"strict" : false
				},
				{
					"name" : "max_value[0]",
					"strict" : false
				},
				{
					"name" : "max_value[1]",
					"strict" : false
				},
				{
					"name" : "max_value[2]",
					"strict" : false
				},
				{
					"name" : "max_value[3]",
					"strict" : false
				},
				{
					"name" : "in4[0]",
					"strict" : false
				},
				{
					"name" : "in3[0]",
					"strict" : false
				},
				{
					"name" : "in2[0]",
					"strict" : false
				},
				{
					"name" : "in1[0]",
					"strict" : false
				},
				{
					"name" : "in1[3]",
					"strict" : false
				},
				{
					"name" : "in1[2]",
					"strict" : false
				},
				{
					"name" : "in2[2]",
					"strict" : false
				},
				{
					"name" : "in2[3]",
					"strict" : false
				},
				{
					"name" : "in1[1]",
					"strict" : false
				},
				{
					"name" : "in2[1]",
					"strict" : false
				},
				{
					"name" : "in3[2]",
					"strict" : false
				},
				{
					"name" : "in3[3]",
					"strict" : false
				},
				{
					"name" : "in3[1]",
					"strict" : false
				},
				{
					"name" : "in4[2]",
					"strict" : false
				},
				{
					"name" : "in4[3]",
					"strict" : false
				},
				{
					"name" : "in4[1]",
					"strict" : false
				}
			]
		}
	]
}